arm,doc,recall,precision,f1
docling-default,natcomm-2020,0.9138,0.6468,0.7574
docling-fast,natcomm-2020,0.9138,0.6468,0.7574
docling-formula,natcomm-2020,0.9138,0.6468,0.7574
docling-fullocr,natcomm-2020,0.9125,0.6551,0.7627
docling-layoutonly,natcomm-2020,0.9138,0.6468,0.7574
docling-lean,natcomm-2020,0.9138,0.6468,0.7574
docling-native,natcomm-2020,0.982,0.5843,0.7327
docling-noocr,natcomm-2020,0.9138,0.6468,0.7574
docling-textlayer,natcomm-2020,0.918,0.6499,0.7611
docling-tuned,natcomm-2020,0.9148,0.6446,0.7563
grobid-default,natcomm-2020,0.8436,0.8381,0.8408
kreuzberg-default,natcomm-2020,0.9386,0.7757,0.8494
marker-fast,natcomm-2020,0.9053,0.7102,0.796
marker-nocr,natcomm-2020,0.9053,0.7102,0.796
mineru-basic,natcomm-2020,0.903,0.6629,0.7646
mineru-standard,natcomm-2020,0.903,0.6629,0.7646
paddle-structurev3,natcomm-2020,0.8459,0.7598,0.8005
paddle-vl,natcomm-2020,0.8651,0.7582,0.8081
pdftotext,natcomm-2020,1.0,0.9474,0.973
pymupdf4llm-default,natcomm-2020,0.9435,0.6641,0.7795
pymupdf4llm-layout,natcomm-2020,0.9873,0.633,0.7714
unstructured-hires,natcomm-2020,0.9059,0.8773,0.8914
docling-default,apple-10k-2025,0.9993,0.9981,0.9987
docling-fast,apple-10k-2025,0.9993,0.9966,0.998
docling-layoutonly,apple-10k-2025,0.9993,1.0,0.9996
docling-lean,apple-10k-2025,0.9993,0.9966,0.998
docling-native,apple-10k-2025,0.9999,0.9916,0.9957
docling-noocr,apple-10k-2025,0.9993,0.9981,0.9987
docling-textlayer,apple-10k-2025,0.999,0.9981,0.9985
docling-tuned,apple-10k-2025,0.9995,0.9964,0.998
grobid-default,apple-10k-2025,0.8984,0.9958,0.9446
kreuzberg-default,apple-10k-2025,0.9985,0.9921,0.9953
marker-fast,apple-10k-2025,0.983,0.9967,0.9898
marker-nocr,apple-10k-2025,0.983,0.9967,0.9898
mineru-basic,apple-10k-2025,0.9823,0.9981,0.9901
mineru-standard,apple-10k-2025,0.9838,0.9982,0.991
pdftotext,apple-10k-2025,1.0,0.9918,0.9959
pymupdf4llm-default,apple-10k-2025,0.9998,0.9884,0.9941
pymupdf4llm-layout,apple-10k-2025,0.9995,0.9899,0.9947
unstructured-hires,apple-10k-2025,0.9796,0.9873,0.9834
docling-default,apple-10q-2026q3,0.9964,0.9842,0.9903
docling-fast,apple-10q-2026q3,0.9964,0.9842,0.9903
docling-formula,apple-10q-2026q3,0.9964,0.9842,0.9903
docling-fullocr,apple-10q-2026q3,0.9589,0.9766,0.9676
docling-layoutonly,apple-10q-2026q3,0.9964,0.9996,0.998
docling-lean,apple-10q-2026q3,0.9964,0.9842,0.9903
docling-native,apple-10q-2026q3,0.9999,0.9869,0.9934
docling-noocr,apple-10q-2026q3,0.9964,0.9842,0.9903
docling-textlayer,apple-10q-2026q3,0.9953,0.9843,0.9898
docling-tuned,apple-10q-2026q3,0.9996,0.9862,0.9929
grobid-default,apple-10q-2026q3,0.9,0.9947,0.9449
kreuzberg-default,apple-10q-2026q3,0.9967,0.9872,0.992
marker-fast,apple-10q-2026q3,0.9913,0.9928,0.9921
marker-nocr,apple-10q-2026q3,0.9879,0.9946,0.9912
mineru-basic,apple-10q-2026q3,0.9935,0.9988,0.9961
mineru-standard,apple-10q-2026q3,0.9959,0.9986,0.9973
paddle-structurev3,apple-10q-2026q3,0.964,0.9926,0.9781
paddle-vl,apple-10q-2026q3,0.9928,0.9986,0.9957
pdftotext,apple-10q-2026q3,1.0,0.9872,0.9936
pymupdf4llm-default,apple-10q-2026q3,0.9999,0.9793,0.9895
pymupdf4llm-layout,apple-10q-2026q3,0.9977,0.983,0.9903
unstructured-hires,apple-10q-2026q3,0.9842,0.9731,0.9786
docling-default,sfix-10k-2026,0.9984,0.9943,0.9964
docling-fast,sfix-10k-2026,0.9985,0.9952,0.9968
docling-layoutonly,sfix-10k-2026,0.9983,0.9997,0.999
docling-lean,sfix-10k-2026,0.9985,0.9952,0.9968
docling-native,sfix-10k-2026,0.9998,0.9874,0.9936
docling-noocr,sfix-10k-2026,0.9984,0.9947,0.9965
docling-textlayer,sfix-10k-2026,0.9981,0.9951,0.9966
docling-tuned,sfix-10k-2026,0.9984,0.9941,0.9963
grobid-default,sfix-10k-2026,0.9466,0.9922,0.9689
kreuzberg-default,sfix-10k-2026,0.9982,0.9918,0.995
marker-fast,sfix-10k-2026,0.9907,0.9999,0.9953
marker-nocr,sfix-10k-2026,0.988,1.0,0.994
mineru-basic,sfix-10k-2026,0.9799,0.9991,0.9894
pdftotext,sfix-10k-2026,1.0,0.9877,0.9938
pymupdf4llm-default,sfix-10k-2026,0.9879,0.9867,0.9873
pymupdf4llm-layout,sfix-10k-2026,0.9994,0.9854,0.9924
unstructured-hires,sfix-10k-2026,0.9903,0.9926,0.9915
docling-default,arxiv-math-tables,0.9801,0.9913,0.9857
docling-fast,arxiv-math-tables,0.9805,0.9919,0.9861
docling-formula,arxiv-math-tables,0.9836,0.9849,0.9842
docling-fullocr,arxiv-math-tables,0.9736,0.9901,0.9818
docling-layoutonly,arxiv-math-tables,0.9799,0.9929,0.9863
docling-lean,arxiv-math-tables,0.9837,0.9851,0.9844
docling-native,arxiv-math-tables,0.9508,0.918,0.9341
docling-noocr,arxiv-math-tables,0.9801,0.9913,0.9857
docling-textlayer,arxiv-math-tables,0.9743,0.9817,0.978
docling-tuned,arxiv-math-tables,0.9837,0.9838,0.9837
grobid-default,arxiv-math-tables,0.9606,0.9631,0.9618
kreuzberg-default,arxiv-math-tables,0.9855,0.9929,0.9892
marker-fast,arxiv-math-tables,0.9705,0.9642,0.9674
marker-nocr,arxiv-math-tables,0.9713,0.9693,0.9703
mineru-basic,arxiv-math-tables,0.9522,0.9435,0.9478
mineru-standard,arxiv-math-tables,0.954,0.9438,0.9489
paddle-structurev3,arxiv-math-tables,0.9324,0.9458,0.939
paddle-vl,arxiv-math-tables,0.9583,0.9434,0.9508
pdftotext,arxiv-math-tables,1.0,1.0,1.0
pymupdf4llm-default,arxiv-math-tables,0.9824,0.9792,0.9808
pymupdf4llm-layout,arxiv-math-tables,0.9772,0.982,0.9796
unstructured-hires,arxiv-math-tables,0.9458,0.9137,0.9294
docling-default,arxiv-math-heavy,0.9419,0.9948,0.9677
docling-fast,arxiv-math-heavy,0.9419,0.9948,0.9677
docling-formula,arxiv-math-heavy,0.9536,0.9412,0.9474
docling-fullocr,arxiv-math-heavy,0.9017,0.9858,0.9419
docling-layoutonly,arxiv-math-heavy,0.9419,0.9948,0.9677
docling-lean,arxiv-math-heavy,0.9536,0.9412,0.9474
docling-native,arxiv-math-heavy,0.9766,0.9779,0.9773
docling-noocr,arxiv-math-heavy,0.9419,0.9948,0.9677
docling-textlayer,arxiv-math-heavy,0.9377,0.9974,0.9666
docling-tuned,arxiv-math-heavy,0.9536,0.941,0.9473
grobid-default,arxiv-math-heavy,0.9572,0.9838,0.9703
kreuzberg-default,arxiv-math-heavy,0.9662,0.9812,0.9736
marker-fast,arxiv-math-heavy,0.9524,0.9396,0.946
marker-nocr,arxiv-math-heavy,0.961,0.9836,0.9722
mineru-basic,arxiv-math-heavy,0.9331,0.9172,0.9251
mineru-standard,arxiv-math-heavy,0.9352,0.9179,0.9265
paddle-structurev3,arxiv-math-heavy,0.407,0.9641,0.5724
paddle-vl,arxiv-math-heavy,0.4095,0.9586,0.5739
pdftotext,arxiv-math-heavy,1.0,1.0,1.0
pymupdf4llm-default,arxiv-math-heavy,0.9649,0.9609,0.9629
pymupdf4llm-layout,arxiv-math-heavy,0.916,0.9841,0.9488
unstructured-hires,arxiv-math-heavy,0.932,0.9589,0.9453
docling-default,arxiv-tables,0.9905,0.9869,0.9887
docling-fast,arxiv-tables,0.99,0.9894,0.9897
docling-formula,arxiv-tables,0.9922,0.9838,0.988
docling-fullocr,arxiv-tables,0.9875,0.9864,0.987
docling-layoutonly,arxiv-tables,0.9891,0.997,0.993
docling-lean,arxiv-tables,0.9917,0.9862,0.9889
docling-native,arxiv-tables,0.9644,0.936,0.95
docling-noocr,arxiv-tables,0.99,0.9894,0.9897
docling-textlayer,arxiv-tables,0.9905,0.9935,0.992
docling-tuned,arxiv-tables,0.9922,0.9809,0.9865
grobid-default,arxiv-tables,0.9491,0.9805,0.9646
kreuzberg-default,arxiv-tables,0.9919,0.9965,0.9942
marker-fast,arxiv-tables,0.9844,0.9791,0.9817
marker-nocr,arxiv-tables,0.9818,0.9876,0.9847
mineru-basic,arxiv-tables,0.988,0.9838,0.9859
mineru-standard,arxiv-tables,0.9856,0.9775,0.9815
paddle-structurev3,arxiv-tables,0.9834,0.9894,0.9864
paddle-vl,arxiv-tables,0.9843,0.9752,0.9797
pdftotext,arxiv-tables,1.0,1.0,1.0
pymupdf4llm-default,arxiv-tables,0.9892,0.9845,0.9868
pymupdf4llm-layout,arxiv-tables,0.9919,0.9651,0.9783
unstructured-hires,arxiv-tables,0.9574,0.9343,0.9457
docling-default,journal-tables-footnotes,0.9862,0.5298,0.6893
docling-fast,journal-tables-footnotes,0.9862,0.5305,0.6899
docling-formula,journal-tables-footnotes,0.9862,0.5298,0.6893
docling-fullocr,journal-tables-footnotes,0.9716,0.5554,0.7068
docling-layoutonly,journal-tables-footnotes,0.9862,0.5357,0.6943
docling-lean,journal-tables-footnotes,0.9862,0.5305,0.6899
docling-native,journal-tables-footnotes,0.9892,0.5199,0.6816
docling-noocr,journal-tables-footnotes,0.9862,0.5299,0.6894
docling-textlayer,journal-tables-footnotes,0.9893,0.5324,0.6923
docling-tuned,journal-tables-footnotes,0.9865,0.5275,0.6875
grobid-default,journal-tables-footnotes,0.9403,0.9755,0.9576
kreuzberg-default,journal-tables-footnotes,0.8737,0.9878,0.9272
marker-fast,journal-tables-footnotes,0.9336,0.5534,0.6949
marker-nocr,journal-tables-footnotes,0.9295,0.561,0.6997
mineru-basic,journal-tables-footnotes,0.9829,0.5331,0.6912
mineru-standard,journal-tables-footnotes,0.9829,0.5331,0.6912
paddle-structurev3,journal-tables-footnotes,0.9632,0.5311,0.6847
paddle-vl,journal-tables-footnotes,0.9833,0.5377,0.6952
pdftotext,journal-tables-footnotes,1.0,1.0,1.0
pymupdf4llm-default,journal-tables-footnotes,0.9943,0.5358,0.6963
pymupdf4llm-layout,journal-tables-footnotes,0.9941,0.5199,0.6827
unstructured-hires,journal-tables-footnotes,0.9905,0.5406,0.6994
docling-default,gov-report-footnotes,0.975,0.9978,0.9863
docling-fast,gov-report-footnotes,0.975,0.9978,0.9863
docling-formula,gov-report-footnotes,0.975,0.9978,0.9863
docling-fullocr,gov-report-footnotes,0.949,0.9934,0.9707
docling-layoutonly,gov-report-footnotes,0.975,0.9978,0.9863
docling-lean,gov-report-footnotes,0.975,0.9978,0.9863
docling-native,gov-report-footnotes,0.9972,0.9943,0.9958
docling-noocr,gov-report-footnotes,0.975,0.9978,0.9863
docling-textlayer,gov-report-footnotes,0.974,0.9974,0.9855
docling-tuned,gov-report-footnotes,0.9724,0.9969,0.9845
grobid-default,gov-report-footnotes,0.8469,0.9961,0.9154
kreuzberg-default,gov-report-footnotes,0.9689,0.9961,0.9823
marker-fast,gov-report-footnotes,0.9721,0.996,0.9839
marker-nocr,gov-report-footnotes,0.9706,0.9975,0.9839
mineru-basic,gov-report-footnotes,0.9731,0.9961,0.9845
mineru-standard,gov-report-footnotes,0.9737,0.9961,0.9848
paddle-structurev3,gov-report-footnotes,0.5716,0.9905,0.7249
paddle-vl,gov-report-footnotes,0.5708,0.9986,0.7264
pdftotext,gov-report-footnotes,1.0,1.0,1.0
pymupdf4llm-default,gov-report-footnotes,0.9964,0.9975,0.997
pymupdf4llm-layout,gov-report-footnotes,0.9989,0.9862,0.9925
unstructured-hires,gov-report-footnotes,0.9826,0.9876,0.9851
docling-default,naca-rm-e7b11c,0.0,0.0,0.0
docling-fast,naca-rm-e7b11c,0.0,0.0,0.0
docling-formula,naca-rm-e7b11c,0.0,0.0,0.0
docling-fullocr,naca-rm-e7b11c,0.0,0.0,0.0
docling-layoutonly,naca-rm-e7b11c,0.0,0.0,0.0
docling-lean,naca-rm-e7b11c,0.0,0.0,0.0
docling-native,naca-rm-e7b11c,0.0,0.0,0.0
docling-noocr,naca-rm-e7b11c,0.0,0.0,0.0
docling-textlayer,naca-rm-e7b11c,0.0,0.0,0.0
docling-tuned,naca-rm-e7b11c,0.0,0.0,0.0
kreuzberg-default,naca-rm-e7b11c,0.0,0.0,0.0
marker-fast,naca-rm-e7b11c,0.0,0.0,0.0
marker-nocr,naca-rm-e7b11c,0.0,0.0,0.0
mineru-basic,naca-rm-e7b11c,0.0,0.0,0.0
mineru-standard,naca-rm-e7b11c,0.0,0.0,0.0
paddle-structurev3,naca-rm-e7b11c,0.0,0.0,0.0
paddle-vl,naca-rm-e7b11c,0.0,0.0,0.0
pdftotext,naca-rm-e7b11c,0.0,0.0,0.0
pymupdf4llm-default,naca-rm-e7b11c,0.0,0.0,0.0
pymupdf4llm-layout,naca-rm-e7b11c,0.0,0.0,0.0
unstructured-hires,naca-rm-e7b11c,0.0,0.0,0.0
docling-default,nbs-rp1,0.9255,0.9405,0.9329
docling-fast,nbs-rp1,0.9556,0.9575,0.9565
docling-formula,nbs-rp1,0.9255,0.9405,0.9329
docling-fullocr,nbs-rp1,0.9261,0.9413,0.9336
docling-layoutonly,nbs-rp1,0.9528,0.9757,0.9641
docling-lean,nbs-rp1,0.9556,0.9575,0.9565
docling-native,nbs-rp1,0.9781,0.9744,0.9762
docling-noocr,nbs-rp1,0.9546,0.9638,0.9592
docling-textlayer,nbs-rp1,0.9629,0.9703,0.9666
docling-tuned,nbs-rp1,0.907,0.9551,0.9304
grobid-default,nbs-rp1,0.9841,0.994,0.989
kreuzberg-default,nbs-rp1,0.9665,0.99,0.9781
marker-fast,nbs-rp1,0.9396,0.9835,0.9611
marker-nocr,nbs-rp1,0.8785,0.9915,0.9315
mineru-basic,nbs-rp1,0.8649,0.9398,0.9008
mineru-standard,nbs-rp1,0.9259,0.9436,0.9346
paddle-structurev3,nbs-rp1,0.7906,0.9099,0.8461
paddle-vl,nbs-rp1,0.9161,0.95,0.9328
pdftotext,nbs-rp1,1.0,1.0,1.0
pymupdf4llm-default,nbs-rp1,0.9849,0.9531,0.9687
pymupdf4llm-layout,nbs-rp1,0.9211,0.9609,0.9406
unstructured-hires,nbs-rp1,0.8029,0.8962,0.847
docling-default,usgs-b580j,0.9895,0.9793,0.9844
docling-fast,usgs-b580j,0.9895,0.9793,0.9844
docling-formula,usgs-b580j,0.9895,0.9793,0.9844
docling-fullocr,usgs-b580j,0.0,0.0,0.0
docling-layoutonly,usgs-b580j,0.9895,0.9793,0.9844
docling-lean,usgs-b580j,0.9895,0.9793,0.9844
docling-native,usgs-b580j,0.9895,0.9793,0.9844
docling-noocr,usgs-b580j,0.9895,0.9793,0.9844
docling-textlayer,usgs-b580j,0.9745,0.9932,0.9838
docling-tuned,usgs-b580j,0.9895,0.9793,0.9844
grobid-default,usgs-b580j,0.9818,0.9991,0.9903
kreuzberg-default,usgs-b580j,0.9848,0.9989,0.9918
marker-fast,usgs-b580j,0.9698,0.9922,0.9809
marker-nocr,usgs-b580j,0.9706,0.9967,0.9834
mineru-basic,usgs-b580j,0.9621,0.9856,0.9737
mineru-standard,usgs-b580j,0.9727,0.9893,0.981
paddle-structurev3,usgs-b580j,0.8597,0.9884,0.9195
paddle-vl,usgs-b580j,0.8877,0.9907,0.9364
pdftotext,usgs-b580j,1.0,1.0,1.0
pymupdf4llm-default,usgs-b580j,0.9978,0.996,0.9969
pymupdf4llm-layout,usgs-b580j,0.8765,0.9876,0.9287
unstructured-hires,usgs-b580j,0.778,0.9623,0.8604
