arm,recall,precision,f1
grobid-default,0.9280545454545455,0.9739,0.9498363636363636
pdftotext,0.9166666666666666,0.9095083333333333,0.9130250000000001
kreuzberg-default,0.8891249999999999,0.89085,0.8890083333333333
pymupdf4llm-default,0.9034166666666666,0.8354583333333333,0.86165
docling-layoutonly,0.8935166666666666,0.8432750000000001,0.8608416666666666
docling-textlayer,0.8927999999999999,0.8411083333333332,0.8592333333333334
docling-noocr,0.8937666666666666,0.839175,0.8587750000000001
docling-fast,0.8938916666666666,0.8386666666666667,0.8585916666666668
marker-nocr,0.8772916666666667,0.8490583333333334,0.8580583333333333
marker-fast,0.8827250000000001,0.8422999999999999,0.857425
docling-lean,0.8952749999999999,0.8333666666666666,0.8566916666666667
docling-default,0.8913833333333333,0.8369833333333333,0.8564833333333333
docling-tuned,0.8914333333333334,0.83215,0.8539833333333333
docling-native,0.9022833333333334,0.8208333333333333,0.8512333333333334
pymupdf4llm-layout,0.8883,0.831425,0.85
mineru-basic,0.8762500000000001,0.8298333333333333,0.8457666666666667
unstructured-hires,0.8541,0.835325,0.8381
mineru-standard,0.8738818181818182,0.8146363636363637,0.8364909090909091
docling-formula,0.87158,0.7988299999999999,0.82602
paddle-vl,0.75679,0.8111,0.7599
paddle-structurev3,0.73178,0.80716,0.74516
docling-fullocr,0.7580899999999999,0.70841,0.72521
