arm,overall,arxiv_math,headers_footers,long_tiny_text,multi_column,old_scans_math,table_tests,baseline
paddle-vl,0.802159617078274,0.7547169811320755,0.9411764705882353,0.8554216867469879,0.725,0.7226890756302521,0.813953488372093,1.0
mineru-standard,0.7605803018934858,0.7169811320754716,0.9411764705882353,0.8795180722891566,0.65,0.7478991596638656,0.627906976744186,0.9666666666666667
mineru-basic,0.7520279078341531,0.7169811320754716,0.9411764705882353,0.8674698795180723,0.625,0.6638655462184874,0.6976744186046512,0.95
paddle-structurev3,0.6816050654363576,0.7358490566037735,0.9411764705882353,0.4819277108433735,0.575,0.5882352941176471,0.7674418604651163,0.9166666666666666
marker-fast,0.6498984842434253,0.16981132075471697,0.8823529411764706,0.6746987951807228,0.725,0.773109243697479,0.6744186046511628,1.0
docling-tuned,0.48712848488359434,0.1320754716981132,0.8823529411764706,0.7710843373493976,0.55,0.07563025210084033,0.5116279069767442,0.9833333333333333
docling-lean,0.4815262439872357,0.1320754716981132,0.8823529411764706,0.7710843373493976,0.55,0.04201680672268908,0.5116279069767442,0.95
docling-formula,0.4812005323072149,0.1320754716981132,0.8823529411764706,0.7710843373493976,0.55,0.01680672268907563,0.5348837209302325,0.9833333333333333
docling-default,0.4563868332426835,0.0,0.8823529411764706,0.7710843373493976,0.55,0.0,0.5348837209302325,0.9833333333333333
docling-fast,0.4525108642504354,0.0,0.8823529411764706,0.7710843373493976,0.55,0.0,0.5116279069767442,0.85
docling-noocr,0.4408829572736912,0.0,0.8823529411764706,0.7710843373493976,0.55,0.0,0.4418604651162791,0.85
docling-textlayer,0.4382032232898763,0.0,0.9411764705882353,0.8072289156626506,0.625,0.0,0.2558139534883721,0.85
marker-nocr,0.42627218861767174,0.0,0.8823529411764706,0.6746987951807228,0.675,0.0,0.32558139534883723,0.85
unstructured-hires,0.4014319443103664,0.0,0.35294117647058826,0.7710843373493976,0.625,0.008403361344537815,0.6511627906976745,1.0
docling-layoutonly,0.36723954642097806,0.0,0.8823529411764706,0.7710843373493976,0.55,0.0,0.0,0.85
docling-fullocr,0.358058224690829,0.0,0.9411764705882353,0.07228915662650602,0.6,0.0,0.5348837209302325,0.75
pymupdf4llm-layout,0.3311804674237305,0.0,0.17647058823529413,0.5542168674698795,0.675,0.0,0.5813953488372093,1.0
kreuzberg-default,0.3128838884951571,0.0,0.5294117647058824,0.7228915662650602,0.625,0.0,0.0,0.85
pymupdf4llm-default,0.30515069855344773,0.0,0.35294117647058826,0.7349397590361446,0.65,0.0,0.09302325581395349,0.8333333333333334
docling-native,0.29861209544058587,0.0,0.47058823529411764,0.7710843373493976,0.55,0.0,0.0,1.0
pdftotext,0.2602350578785731,0.0,0.17647058823529413,0.7349397590361446,0.65,0.0,0.0,0.8333333333333334
