arm,digital,scanned
paddle-vl,0.8009367681498829,0.7468982630272953
mineru-standard,0.775175644028103,0.8114143920595533
mineru-basic,0.7540983606557377,0.6823821339950372
paddle-structurev3,0.7189695550351288,0.5359801488833746
docling-lean,0.7096018735362998,0.315136476426799
docling-formula,0.7002341920374707,0.3598014888337469
docling-tuned,0.6885245901639344,0.37965260545905705
marker-fast,0.6768149882903981,0.707196029776675
docling-fast,0.6604215456674473,0.2853598014888337
docling-default,0.6510538641686182,0.3548387096774194
docling-noocr,0.6510538641686182,0.27791563275434245
docling-fullocr,0.6463700234192038,0.18114143920595532
pymupdf4llm-layout,0.6135831381733021,0.3027295285359802
marker-nocr,0.6018735362997658,0.3225806451612903
docling-textlayer,0.5901639344262295,0.32754342431761785
unstructured-hires,0.585480093676815,0.36476426799007444
docling-layoutonly,0.5199063231850117,0.2729528535980149
kreuzberg-default,0.38875878220140514,0.2878411910669975
pymupdf4llm-default,0.3864168618266979,0.2679900744416873
pdftotext,0.3185011709601874,0.24069478908188585
docling-native,0.3161592505854801,0.2531017369727047
