arm,macro,furniture,stitching,reading_order,footnotes,tables,math,inline,headings,figures,chars,figure_text
mineru-standard,0.856120039380909,0.9545454545454546,0.8636363636363636,1.0,0.9230769230769231,0.6666666666666666,0.42857142857142855,0.8181818181818182,0.95,1.0,0.9565217391304348,0.0
paddle-vl,0.7164320944755728,1.0,0.9090909090909091,0.8333333333333334,0.46153846153846156,0.7777777777777778,0.14285714285714285,0.36363636363636365,0.95,0.9,0.8260869565217391,0.0
marker-fast,0.6817172280215759,1.0,0.45454545454545453,0.9166666666666666,0.6923076923076923,0.4074074074074074,0.5,0.36363636363636365,0.9,0.8,0.782608695652174,0.0
mineru-basic,0.6346688657558224,0.9545454545454546,0.7727272727272727,0.8333333333333334,0.6538461538461539,0.2962962962962963,0.14285714285714285,0.09090909090909091,0.95,1.0,0.6521739130434783,0.0
paddle-structurev3,0.5241634532938881,1.0,0.7272727272727273,0.5833333333333334,0.34615384615384615,0.18518518518518517,0.07142857142857142,0.0,0.95,0.9,0.4782608695652174,0.0
unstructured-hires,0.4225461334156986,0.5,0.13636363636363635,0.6666666666666666,0.46153846153846156,0.2962962962962963,0.14285714285714285,0.0,0.7,0.8,0.5217391304347826,0.5
docling-tuned,0.41240461631765984,0.6363636363636364,0.3181818181818182,0.5,0.5384615384615384,0.14814814814814814,0.07142857142857142,0.36363636363636365,0.6,0.6,0.34782608695652173,0.5
docling-default,0.40820788712093065,0.6363636363636364,0.22727272727272727,0.5833333333333334,0.5384615384615384,0.18518518518518517,0.0,0.36363636363636365,0.6,0.6,0.34782608695652173,0.5
docling-formula,0.40820788712093065,0.6363636363636364,0.22727272727272727,0.5833333333333334,0.5384615384615384,0.18518518518518517,0.0,0.36363636363636365,0.6,0.6,0.34782608695652173,0.5
pymupdf4llm-layout,0.397937963807529,0.45454545454545453,0.18181818181818182,0.75,0.6153846153846154,0.07407407407407407,0.0,0.18181818181818182,0.6,0.6,0.5217391304347826,0.75
docling-fullocr,0.37044564935869284,0.5,0.3181818181818182,0.5833333333333334,0.11538461538461539,0.18518518518518517,0.0,0.45454545454545453,0.6,0.6,0.34782608695652173,0.0
marker-nocr,0.3604775176514307,0.7727272727272727,0.22727272727272727,0.4166666666666667,0.46153846153846156,0.2222222222222222,0.0,0.0,0.6,0.6,0.30434782608695654,0.0
docling-textlayer,0.34716597412249584,0.7727272727272727,0.3181818181818182,0.5,0.38461538461538464,0.2222222222222222,0.0,0.0,0.6,0.5,0.17391304347826086,0.0
docling-lean,0.3035665140012966,0.6363636363636364,0.18181818181818182,0.25,0.5,0.18518518518518517,0.07142857142857142,0.0,0.25,0.7,0.2608695652173913,0.5
docling-fast,0.2693485580442102,0.4090909090909091,0.18181818181818182,0.25,0.5,0.18518518518518517,0.0,0.0,0.25,0.7,0.21739130434782608,0.5
docling-noocr,0.26286707656272873,0.4090909090909091,0.18181818181818182,0.3333333333333333,0.5,0.037037037037037035,0.0,0.0,0.25,0.7,0.21739130434782608,0.5
kreuzberg-default,0.25482872200263507,0.6818181818181818,0.045454545454545456,0.4166666666666667,0.5,0.0,0.0,0.0,0.3,0.3,0.30434782608695654,0.75
docling-layoutonly,0.2508300395256917,0.4090909090909091,0.18181818181818182,0.25,0.5,0.0,0.0,0.0,0.25,0.7,0.21739130434782608,0.5
pymupdf4llm-default,0.2236399108138239,0.3181818181818182,0.0,0.4166666666666667,0.6153846153846154,0.0,0.0,0.18181818181818182,0.0,0.4,0.30434782608695654,0.5
docling-native,0.21619134488699707,0.2727272727272727,0.0,0.3333333333333333,0.5384615384615384,0.0,0.0,0.0,0.0,0.8,0.21739130434782608,0.75
pdftotext,0.17994527211918515,0.3181818181818182,0.0,0.5,0.5769230769230769,0.0,0.0,0.0,0.0,0.1,0.30434782608695654,0.75
