arm,macro,furniture,stitching,reading_order,footnotes,tables,headings,figures,chars
docling-default,0.867051282051282,0.6666666666666666,1.0,0.8,0.9230769230769231,0.88,1.0,1.0,0.6666666666666666
docling-fast,0.867051282051282,0.6666666666666666,1.0,0.8,0.9230769230769231,0.88,1.0,1.0,0.6666666666666666
docling-formula,0.867051282051282,0.6666666666666666,1.0,0.8,0.9230769230769231,0.88,1.0,1.0,0.6666666666666666
docling-noocr,0.867051282051282,0.6666666666666666,1.0,0.8,0.9230769230769231,0.88,1.0,1.0,0.6666666666666666
docling-lean,0.867051282051282,0.6666666666666666,1.0,0.8,0.9230769230769231,0.88,1.0,1.0,0.6666666666666666
pymupdf4llm-layout,0.8655555555555555,0.6666666666666666,0.8,0.8,1.0,0.88,1.0,1.0,0.7777777777777778
docling-fullocr,0.8488888888888889,0.6666666666666666,1.0,0.8,1.0,0.88,1.0,1.0,0.4444444444444444
docling-tuned,0.837051282051282,0.6666666666666666,1.0,0.6,0.9230769230769231,0.84,1.0,1.0,0.6666666666666666
mineru-standard,0.8231623931623931,0.6666666666666666,0.8,0.8,0.9230769230769231,0.84,0.8888888888888888,1.0,0.6666666666666666
paddle-vl,0.8215384615384614,0.6666666666666666,1.0,1.0,0.6923076923076923,0.88,0.8888888888888888,1.0,0.4444444444444444
mineru-basic,0.7831623931623932,0.6666666666666666,0.8,0.8,0.9230769230769231,0.52,0.8888888888888888,1.0,0.6666666666666666
docling-textlayer,0.7747435897435897,0.6666666666666666,1.0,0.8,0.38461538461538464,0.68,1.0,1.0,0.6666666666666666
kreuzberg-default,0.7625,0.6666666666666666,0.8,0.8,1.0,0.0,0.9444444444444444,1.0,0.8888888888888888
marker-fast,0.7609401709401709,0.6666666666666666,0.6,0.6,0.9230769230769231,0.52,1.0,1.0,0.7777777777777778
marker-nocr,0.755940170940171,0.6666666666666666,0.6,0.6,0.9230769230769231,0.48,1.0,1.0,0.7777777777777778
docling-layoutonly,0.7431623931623932,0.6666666666666666,1.0,0.8,0.9230769230769231,0.0,1.0,1.0,0.5555555555555556
paddle-structurev3,0.7252350427350427,1.0,0.8,0.6,0.23076923076923078,0.56,0.9444444444444444,1.0,0.6666666666666666
unstructured-hires,0.723440170940171,0.3333333333333333,0.8,0.8,0.9230769230769231,0.32,0.9444444444444444,1.0,0.6666666666666666
pymupdf4llm-default,0.6472222222222223,0.6666666666666666,0.8,0.6,1.0,0.0,0.3333333333333333,1.0,0.7777777777777778
pdftotext,0.5653846153846154,0.0,0.8,0.8,0.9230769230769231,0.0,0.0,1.0,1.0
docling-native,0.5264957264957265,0.3333333333333333,0.8,0.6,0.9230769230769231,0.0,0.0,1.0,0.5555555555555556
