arm,set,pages,seconds,median_s_per_page,max_rss_mb,s_per_page,error,ok
docling-default,docs,357,1507.241,4.01299375,7848.4,4.221963585434174,0,12
docling-default,olmocr,150,746.15,3.5614999999999997,9947.0,4.974333333333333,0,150
docling-fast,docs,357,406.343,1.088808041958042,4602.7,1.1382156862745099,0,12
docling-fast,olmocr,150,174.409,0.9175,4602.7,1.1627266666666667,0,150
docling-formula,docs,167,2744.681,5.06435238095238,8489.6,16.435215568862276,0,10
docling-formula,olmocr,60,975.648,5.8475,9773.2,16.2608,0,60
docling-fullocr,docs,167,1097.032,6.8424202302631585,7340.2,6.569053892215568,0,10
docling-fullocr,olmocr,60,364.08299999999997,5.904,9425.3,6.0680499999999995,0,60
docling-layoutonly,docs,357,292.28499999999997,0.8554119047619048,4622.5,0.8187254901960783,0,12
docling-layoutonly,olmocr,150,138.392,0.897,4622.5,0.9226133333333333,0,150
docling-lean,docs,357,1516.806,1.20875625,6783.5,4.248756302521008,0,12
docling-lean,olmocr,150,2665.523,1.0350000000000001,6783.5,17.770153333333333,0,150
docling-native,docs,357,52.771,0.07739473684210527,1972.0,0.14781792717086836,0,12
docling-native,olmocr,150,65.682,0.1035,1972.0,0.43788,0,150
docling-noocr,docs,357,601.3389999999999,1.6099999999999999,4715.5,1.6844229691876749,0,12
docling-noocr,olmocr,150,209.793,0.9035,4715.5,1.39862,0,150
docling-textlayer,docs,357,626.526,1.6245933566433566,3992.0,1.7549747899159662,0,12
docling-textlayer,olmocr,150,295.515,1.2035,3992.0,1.9701,0,150
docling-tuned,docs,357,10651.63,6.782455555555556,9533.4,29.836498599439775,0,12
docling-tuned,olmocr,60,2441.926,4.721,9952.8,40.698766666666664,0,60
grobid-default,docs,342,34.011,0.12852631578947368,78.4,0.09944736842105265,1,11
kreuzberg-default,docs,357,32.38,0.034119444444444445,148.7,0.09070028011204483,0,12
kreuzberg-default,olmocr,150,7.815,0.039,148.7,0.0521,0,150
marker-fast,docs,357,5084.972,16.557936507936507,2677.6,14.243619047619047,0,12
marker-fast,olmocr,90,6563.7300000000005,4.8175,2677.6,72.93033333333334,0,90
marker-nocr,docs,357,259.996,0.736281954887218,2648.8,0.7282801120448179,0,12
marker-nocr,olmocr,150,180.549,1.1375,2648.8,1.20366,0,150
mineru-basic,docs,357,947.996,2.5815071428571432,6810.2,2.655450980392157,0,12
mineru-basic,olmocr,150,1137.75,5.4655000000000005,6810.2,7.585,0,150
mineru-standard,docs,247,6075.561,13.24,8254.4,24.597412955465586,0,11
mineru-standard,olmocr,60,1652.454,21.0985,5758.6,27.5409,0,60
paddle-structurev3,docs,167,10204.354,45.16264761904762,7818.3,61.103916167664664,0,10
paddle-structurev3,olmocr,60,6873.252,36.8725,8310.7,114.55420000000001,0,60
paddle-vl,docs,167,6931.164000000001,41.494471875,3628.7,41.503976047904196,0,10
paddle-vl,olmocr,60,3568.771,50.1365,3628.7,59.47951666666667,0,60
pdftotext,docs,357,1.257,0.003726190476190476,27.6,0.0035210084033613443,0,12
pdftotext,olmocr,150,1.445,0.009,27.3,0.009633333333333334,0,150
pymupdf4llm-default,docs,357,72.792,0.20321363636363635,439.4,0.20389915966386554,0,12
pymupdf4llm-default,olmocr,150,75.462,0.2665,594.2,0.50308,0,150
pymupdf4llm-layout,docs,357,178.566,0.49582777777777776,672.4,0.5001848739495799,0,12
pymupdf4llm-layout,olmocr,150,207.945,0.625,672.4,1.3862999999999999,0,150
unstructured-hires,docs,357,1467.525,4.188730113636364,2658.2,4.110714285714286,0,12
unstructured-hires,olmocr,150,693.253,4.323,2829.9,4.621686666666667,0,150
