arm,digital,scan_ocr,scan
mineru-basic,0.7703016241299304,0.8130081300813008,0.688715953307393
docling-lean,0.54292343387471,0.2926829268292683,0.10116731517509728
docling-fast,0.5011600928074246,0.2926829268292683,0.03501945525291829
docling-default,0.4918793503480278,0.2886178861788618,0.14396887159533073
docling-noocr,0.4918793503480278,0.2926829268292683,0.03501945525291829
marker-nocr,0.42691415313225056,0.2845528455284553,0.03501945525291829
pymupdf4llm-layout,0.39675174013921116,0.1991869918699187,0.027237354085603113
docling-textlayer,0.39443155452436196,0.2886178861788618,0.03501945525291829
unstructured-hires,0.33642691415313225,0.2967479674796748,0.2178988326848249
docling-layoutonly,0.33178654292343385,0.2926829268292683,0.03501945525291829
pdftotext,0.271461716937355,0.26422764227642276,0.33852140077821014
marker-fast,0.2691415313225058,0.4024390243902439,0.2490272373540856
paddle-vl,0.26450116009280744,0.4959349593495935,0.15953307392996108
docling-native,0.2505800464037123,0.2926829268292683,0.023346303501945526
kreuzberg-default,0.2459396751740139,0.2926829268292683,0.023346303501945526
paddle-structurev3,0.24129930394431554,0.35772357723577236,0.11284046692607004
pymupdf4llm-default,0.24129930394431554,0.3048780487804878,0.023346303501945526
mineru-standard,0.23665893271461716,0.491869918699187,0.17898832684824903
docling-formula,0.15081206496519722,0.24390243902439024,0.0311284046692607
docling-tuned,0.14849187935034802,0.24390243902439024,0.058365758754863814
docling-fullocr,0.13921113689095127,0.008130081300813009,0.027237354085603113
grobid-default,0.0,0.0,0.0
