arm,chars,figure_text,figures,footnotes,furniture,headings,inline,math,reading_order,stitching,tables
docling-default,61,9,28,66,36,106,28,32,41,61,101
docling-fast,61,9,28,66,36,106,28,32,41,61,101
docling-formula,61,9,28,66,36,106,28,32,41,61,101
docling-fullocr,61,9,28,66,36,106,28,32,41,61,101
docling-layoutonly,61,9,28,66,36,106,28,32,41,61,101
docling-lean,61,9,28,66,36,106,28,32,41,61,101
docling-native,61,9,28,66,36,106,28,32,41,61,101
docling-noocr,61,9,28,66,36,106,28,32,41,61,101
docling-textlayer,61,9,28,66,36,106,28,32,41,61,101
docling-tuned,61,9,28,66,36,106,28,32,41,61,101
grobid-default,61,9,28,66,36,106,28,32,41,61,101
kreuzberg-default,61,9,28,66,36,106,28,32,41,61,101
marker-fast,61,9,28,66,36,106,28,32,41,61,101
marker-nocr,61,9,28,66,36,106,28,32,41,61,101
mineru-basic,61,9,28,66,36,106,28,32,41,61,101
mineru-standard,61,9,28,66,36,106,28,32,41,61,101
paddle-structurev3,61,9,28,66,36,106,28,32,41,61,101
paddle-vl,61,9,28,66,36,106,28,32,41,61,101
pdftotext,61,9,28,66,36,106,28,32,41,61,101
pymupdf4llm-default,61,9,28,66,36,106,28,32,41,61,101
pymupdf4llm-layout,61,9,28,66,36,106,28,32,41,61,101
unstructured-hires,61,9,28,66,36,106,28,32,41,61,101
